{
  "stage2": {
    "examples": 12,
    "entity_precision": 0.14285714285714285,
    "entity_recall": 0.16666666666666666,
    "entity_f1": 0.15384615384615383,
    "exact_match_rate": 0.16666666666666666,
    "category_accuracy": 0.0,
    "total_gt_entities": 6,
    "tp": 1,
    "fp": 6,
    "fn": 5,
    "latency_avg_s": 1.8025604685147603,
    "latency_total_s": 21.630725622177124
  }
}