{
  "stage1": {
    "examples": 50,
    "accuracy": 0.48,
    "precision": 0.39285714285714285,
    "recall": 0.55,
    "f1": 0.4583333333333333,
    "auroc": 0.4983333333333334,
    "fpr": 0.5666666666666667,
    "fnr": 0.45,
    "latency_avg_s": 4.5685219478607175,
    "latency_total_s": 228.4260973930359,
    "num_safe": 30,
    "num_fail": 20
  }
}